Postcode,Dwelling Types,Number of Bedrooms,"First Quartile Weekly Rent for New Bonds
$","Median Weekly Rent for New Bonds
$","Third Quartile Weekly Rent for New Bonds
$","New Bonds Lodged
No.","Total Bonds Held
No.",Quarterly change in Median Weekly Rent,Annual change in Median Weekly Rent,Quarterly change in New Bonds Lodged,Annual change in New Bonds Lodged,Month,Year
2000,Total,Total,580,720,920,730,7157,12.5,-6.49,-37.55,-0.13999999999999999,12,2017
2000,Total,Bedsitter,450,505,550,,160,7.449999999999999,8.6,-13.33,116.67,12,2017
2000,Total,1 Bedroom,522.5,625,720,399,2934,9.65,-6.72,-48.05,21.279999999999998,12,2017
2000,Total,Not Specified,567.5,627.5,820,40,888,2.87,0.4,-33.33,-57.45,12,2017
2000,Total,2 Bedrooms,846.25,930,1050,222,2753,-2.11,3.3300000000000005,-15.590000000000002,-13.62,12,2017
2000,Total,3 Bedrooms,1150,1250,1725,35,382,-7.41,4.17,-14.63,-2.78,12,2017
2000,Total,4 or more Bedrooms,,,,,40,,,,,12,2017
2000,House,Total,795,900,1600,,54,-10.0,-40.0,18.75,375.0,12,2017
2000,House,1 Bedroom,,,,,,,,,,12,2017
2000,House,Not Specified,,,,,,,,,,12,2017
2000,House,2 Bedrooms,,,,,,,,,,12,2017
2000,House,3 Bedrooms,,,,,,,,,,12,2017
2000,House,4 or more Bedrooms,,,,,,,,,,12,2017
2000,Other,Total,389,499,720,161,1343,9.91,-36.84,-66.39,114.67,12,2017
2000,Other,Bedsitter,,,,,,,,,,12,2017
2000,Other,1 Bedroom,369,469,579,121,664,3.3000000000000003,-24.66,-71.99,656.25,12,2017
2000,Other,Not Specified,567.5,610,839.25,,401,-12.86,-31.46,-12.5,-58.81999999999999,12,2017
2000,Other,2 Bedrooms,907.5,1150,1300,,218,21.05,31.430000000000003,10.0,0,12,2017
2000,Other,3 Bedrooms,,,,,33,,,,,12,2017
2000,Other,4 or more Bedrooms,,,,,,,,,,12,2017
2000,Townhouse,Total,,,,,87,,,,,12,2017
2000,Townhouse,1 Bedroom,,,,,,,,,,12,2017
2000,Townhouse,Not Specified,,,,,,,,,,12,2017
2000,Townhouse,2 Bedrooms,,,,,,,,,,12,2017
2000,Townhouse,3 Bedrooms,,,,,,,,,,12,2017
2000,Townhouse,4 or more Bedrooms,,,,,,,,,,12,2017
2000,Flat/Unit,Total,630,750,930,541,5673,-1.96,-1.32,-18.15,-15.340000000000002,12,2017
2000,Flat/Unit,Bedsitter,457.5,510,550,,135,8.51,9.68,4.35,140.0,12,2017
2000,Flat/Unit,1 Bedroom,600,657.5,730,270,2235,-3.3099999999999996,-1.87,-16.41,-11.76,12,2017
2000,Flat/Unit,Not Specified,565,627.5,787.5,,471,3.7199999999999998,7.26,-45.45,-57.14,12,2017
2000,Flat/Unit,2 Bedrooms,840,930,1000,192,2496,-1.59,3.3300000000000005,-18.64,-17.95,12,2017
2000,Flat/Unit,3 Bedrooms,1157.5,1250,1737.5,,320,-3.85,4.17,-14.29,-3.2300000000000004,12,2017
2000,Flat/Unit,4 or more Bedrooms,,,,,,,,,,12,2017
2007,Total,Total,390,530,620,183,1885,-0.9299999999999999,-5.36,-39.2,-23.43,12,2017
2007,Total,Bedsitter,,,,,,,,,,12,2017
2007,Total,1 Bedroom,354,465,570,136,978,-0.8500000000000001,2.42,-40.61,-15.0,12,2017
2007,Total,Not Specified,,,,,158,,,,,12,2017
2007,Total,2 Bedrooms,650,720,860,33,584,-10.0,-4.0,-21.43,-42.11,12,2017
2007,Total,3 Bedrooms,,,,,115,,,,,12,2017
2007,Total,4 or more Bedrooms,,,,,,,,,,12,2017
2007,House,Total,,,,,,,,,,12,2017
2007,House,1 Bedroom,,,,,,,,,,12,2017
2007,House,Not Specified,,,,,,,,,,12,2017
2007,House,2 Bedrooms,,,,,,,,,,12,2017
2007,House,3 Bedrooms,,,,,,,,,,12,2017
2007,House,4 or more Bedrooms,,,,,,,,,,12,2017
2007,Other,Total,354,439,465,90,446,0,23.66,-46.43,-6.25,12,2017
2007,Other,Bedsitter,,,,,,,,,,12,2017
2007,Other,1 Bedroom,354,439,465,86,341,18.970000000000002,23.66,-43.05,-4.44,12,2017
2007,Other,Not Specified,,,,,66,,,,,12,2017
2007,Other,2 Bedrooms,,,,,,,,,,12,2017
2007,Other,3 Bedrooms,,,,,,,,,,12,2017
2007,Townhouse,Total,435,690,710,,162,-13.750000000000002,-5.48,-15.379999999999999,-70.27,12,2017
2007,Townhouse,1 Bedroom,,,,,34,,,,,12,2017
2007,Townhouse,Not Specified,,,,,,,,,,12,2017
2007,Townhouse,2 Bedrooms,,,,,58,,,,,12,2017
2007,Townhouse,3 Bedrooms,,,,,34,,,,,12,2017
2007,Townhouse,4 or more Bedrooms,,,,,,,,,,12,2017
2007,Flat/Unit,Total,550,610,700,81,1254,-3.17,1.67,-31.929999999999996,-22.86,12,2017
2007,Flat/Unit,Bedsitter,,,,,,,,,,12,2017
2007,Flat/Unit,1 Bedroom,542.5,577.5,610,46,598,-3.75,1.76,-39.47,-23.330000000000002,12,2017
2007,Flat/Unit,Not Specified,,,,,73,,,,,12,2017
2007,Flat/Unit,2 Bedrooms,655,735,860,,494,-8.12,1.38,-18.75,-31.580000000000002,12,2017
2007,Flat/Unit,3 Bedrooms,,,,,66,,,,,12,2017
2007,Flat/Unit,4 or more Bedrooms,,,,,,,,,,12,2017
2008,Total,Total,443,478,600,708,4545,-0.21,-8.08,-7.090000000000001,27.339999999999996,12,2017
2008,Total,Bedsitter,417,445,467,125,809,2.53,5.949999999999999,-39.019999999999996,37.36,12,2017
2008,Total,1 Bedroom,443,469,589,432,1900,-3.1,-6.2,27.810000000000002,41.18,12,2017
2008,Total,Not Specified,530,569,600,68,796,0,7.359999999999999,-34.62,-1.4500000000000002,12,2017
2008,Total,2 Bedrooms,680,760,880,53,736,2.01,7.8,-38.37,-14.52,12,2017
2008,Total,3 Bedrooms,840,900,1050,,209,-9.55,3.75,-8.7,5.0,12,2017
2008,Total,4 or more Bedrooms,,,,,95,,,,,12,2017
2008,House,Total,640,720,1050,33,180,-10.0,-11.110000000000001,-15.379999999999999,94.12,12,2017
2008,House,Bedsitter,,,,,,,,,,12,2017
2008,House,1 Bedroom,,,,,,,,,,12,2017
2008,House,Not Specified,,,,,,,,,,12,2017
2008,House,2 Bedrooms,,,,,57,,,,,12,2017
2008,House,3 Bedrooms,862.5,980,1050,,50,8.89,18.07,-8.33,83.33,12,2017
2008,House,4 or more Bedrooms,,,,,,,,,,12,2017
2008,Other,Total,420.75,467,569,300,1868,3.09,6.140000000000001,-18.26,6.38,12,2017
2008,Other,Bedsitter,422,445,467,111,722,2.53,5.949999999999999,-39.67,32.14,12,2017
2008,Other,1 Bedroom,376.5,469,579.25,132,557,3.3000000000000003,4.45,22.220000000000002,-20.48,12,2017
2008,Other,Not Specified,569,569.5,600,50,509,0.09,-1.81,-31.509999999999998,66.67,12,2017
2008,Other,2 Bedrooms,,,,,50,,,,,12,2017
2008,Other,3 Bedrooms,,,,,,,,,,12,2017
2008,Other,4 or more Bedrooms,,,,,,,,,,12,2017
2008,Townhouse,Total,460,750,975,,232,13.639999999999999,13.209999999999999,-45.16,-50.0,12,2017
2008,Townhouse,Bedsitter,,,,,,,,,,12,2017
2008,Townhouse,1 Bedroom,,,,,,,,,,12,2017
2008,Townhouse,Not Specified,,,,,,,,,,12,2017
2008,Townhouse,2 Bedrooms,,,,,76,,,,,12,2017
2008,Townhouse,3 Bedrooms,,,,,60,,,,,12,2017
2008,Townhouse,4 or more Bedrooms,,,,,49,,,,,12,2017
2008,Flat/Unit,Total,445.25,510,636,358,2265,-11.3,-15.0,10.15,60.540000000000006,12,2017
2008,Flat/Unit,Bedsitter,,,,,69,,,,,12,2017
2008,Flat/Unit,1 Bedroom,443,478,589,290,1312,-9.81,-18.98,28.32,113.24000000000001,12,2017
2008,Flat/Unit,Not Specified,482.5,565,600,,246,-10.32,2.73,-17.65,-48.15,12,2017
2008,Flat/Unit,2 Bedrooms,702.5,810,880,40,553,8.0,17.39,-36.51,-16.669999999999998,12,2017
2008,Flat/Unit,3 Bedrooms,,,,,81,,,,,12,2017
2008,Flat/Unit,4 or more Bedrooms,,,,,,,,,,12,2017
2009,Total,Total,632.5,772.5,957.5,282,2784,3.6900000000000004,7.290000000000001,21.55,11.459999999999999,12,2017
2009,Total,Bedsitter,,,,,,,,,,12,2017
2009,Total,1 Bedroom,550,597.5,650,96,824,-0.42,3.02,9.09,9.09,12,2017
2009,Total,Not Specified,,,,,252,,,,,12,2017
2009,Total,2 Bedrooms,750,830,955,139,1372,6.41,9.21,27.52,16.81,12,2017
2009,Total,3 Bedrooms,1045,1250,1500,32,303,9.65,8.7,77.78,18.52,12,2017
2009,Total,4 or more Bedrooms,,,,,,,,,,12,2017
2009,House,Total,,,,,41,,,,,12,2017
2009,House,Bedsitter,,,,,,,,,,12,2017
2009,House,1 Bedroom,,,,,,,,,,12,2017
2009,House,2 Bedrooms,,,,,,,,,,12,2017
2009,House,3 Bedrooms,,,,,,,,,,12,2017
2009,House,4 or more Bedrooms,,,,,,,,,,12,2017
2009,Other,Total,,,,,276,,,,,12,2017
2009,Other,Bedsitter,,,,,,,,,,12,2017
2009,Other,1 Bedroom,,,,,57,,,,,12,2017
2009,Other,Not Specified,,,,,129,,,,,12,2017
2009,Other,2 Bedrooms,,,,,74,,,,,12,2017
2009,Other,3 Bedrooms,,,,,,,,,,12,2017
2009,Other,4 or more Bedrooms,,,,,,,,,,12,2017
2009,Townhouse,Total,,,,,88,,,,,12,2017
2009,Townhouse,1 Bedroom,,,,,,,,,,12,2017
2009,Townhouse,Not Specified,,,,,,,,,,12,2017
2009,Townhouse,2 Bedrooms,,,,,46,,,,,12,2017
2009,Townhouse,3 Bedrooms,,,,,,,,,,12,2017
2009,Townhouse,4 or more Bedrooms,,,,,,,,,,12,2017
2009,Flat/Unit,Total,625,775,980,261,2379,3.3300000000000005,7.64,29.849999999999998,22.54,12,2017
2009,Flat/Unit,Bedsitter,,,,,,,,,,12,2017
2009,Flat/Unit,1 Bedroom,550,595,650,91,753,-0.83,2.59,19.74,10.979999999999999,12,2017
2009,Flat/Unit,Not Specified,,,,,122,,,,,12,2017
2009,Flat/Unit,2 Bedrooms,750,840,980,127,1234,7.6899999999999995,9.45,28.28,17.59,12,2017
2009,Flat/Unit,3 Bedrooms,1062.5,1250,1500,31,252,8.7,8.7,106.67,47.620000000000005,12,2017
2009,Flat/Unit,4 or more Bedrooms,,,,,,,,,,12,2017
2010,Total,Total,520,650,845,783,8267,0,0,-2.73,-2.6100000000000003,12,2017
2010,Total,Bedsitter,337.5,380,428.75,60,526,2.7,0,17.65,114.29,12,2017
2010,Total,1 Bedroom,500,580,650,374,3291,0,3.5700000000000003,-7.199999999999999,9.36,12,2017
2010,Total,Not Specified,431.25,585,808.75,60,1446,0.86,6.36,9.09,-58.040000000000006,12,2017
2010,Total,2 Bedrooms,712.5,810,920,195,2193,1.25,1.8900000000000001,-10.14,-7.140000000000001,12,2017
2010,Total,3 Bedrooms,972.5,1090,1250,72,582,9.0,9.0,20.0,33.33,12,2017
2010,Total,4 or more Bedrooms,1060,1185,1375,,229,-8.85,-8.14,15.790000000000001,-18.52,12,2017
2010,House,Total,691.25,1010,1218.75,78,392,31.169999999999998,3.5900000000000003,-1.27,188.89000000000001,12,2017
2010,House,Bedsitter,,,,,,,,,,12,2017
2010,House,1 Bedroom,550,595,640,,55,-11.19,0.8500000000000001,-13.33,550.0,12,2017
2010,House,Not Specified,,,,,,,,,,12,2017
2010,House,2 Bedrooms,700,800,900,,124,6.67,-7.249999999999999,-46.87,325.0,12,2017
2010,House,3 Bedrooms,1038.75,1160,1252.5,32,118,24.73,18.37,68.42,300,12,2017
2010,House,4 or more Bedrooms,,,,,58,,,,,12,2017
2010,Other,Total,400,570,820,61,1624,-5.0,-4.2,-6.15,-59.330000000000005,12,2017
2010,Other,Bedsitter,,,,,165,,,,,12,2017
2010,Other,1 Bedroom,415,565,680,,381,-0.44,7.62,0,-71.43,12,2017
2010,Other,Not Specified,438.75,592.5,836.25,,754,-8.85,2.6,23.810000000000002,-58.06,12,2017
2010,Other,2 Bedrooms,,,,,233,,,,,12,2017
2010,Other,3 Bedrooms,,,,,63,,,,,12,2017
2010,Other,4 or more Bedrooms,,,,,,,,,,12,2017
2010,Townhouse,Total,746.25,875,1047.5,50,610,4.17,2.94,4.17,-10.71,12,2017
2010,Townhouse,Bedsitter,,,,,,,,,,12,2017
2010,Townhouse,1 Bedroom,,,,,67,,,,,12,2017
2010,Townhouse,Not Specified,,,,,33,,,,,12,2017
2010,Townhouse,2 Bedrooms,746.25,827.5,936.25,,201,0.91,3.7600000000000002,-26.32,-12.5,12,2017
2010,Townhouse,3 Bedrooms,856.25,960,1047.5,,197,3.2300000000000004,-1.29,20.0,12.5,12,2017
2010,Townhouse,4 or more Bedrooms,,,,,106,,,,,12,2017
2010,Flat/Unit,Total,500,625,760,594,5641,-0.79,-2.34,-3.1,4.03,12,2017
2010,Flat/Unit,Bedsitter,340,390,445,47,347,4.0,5.41,27.029999999999998,147.37,12,2017
2010,Flat/Unit,1 Bedroom,500,580,650,337,2788,0,3.5700000000000003,-7.42,18.66,12,2017
2010,Flat/Unit,Not Specified,410,550,712.5,31,630,2.8000000000000003,10.0,-6.0600000000000005,-55.06999999999999,12,2017
2010,Flat/Unit,2 Bedrooms,720,810,920,155,1635,-1.22,1.25,2.65,-7.739999999999999,12,2017
2010,Flat/Unit,3 Bedrooms,1000,1100,1295,,204,-8.33,-8.33,-16.0,-4.55,12,2017
2010,Flat/Unit,4 or more Bedrooms,,,,,37,,,,,12,2017
2011,Total,Total,440,565,750,647,7088,4.63,7.62,-6.370000000000001,-14.19,12,2017
2011,Total,Bedsitter,380,410,478.75,70,1091,2.5,7.89,-32.04,-24.73,12,2017
2011,Total,1 Bedroom,440,530,620,365,2893,1.92,-2.3,6.1,29.43,12,2017
2011,Total,Not Specified,387.5,487.5,657.5,56,1323,-1.02,21.88,-24.32,-74.19,12,2017
2011,Total,2 Bedrooms,720,800,985,135,1469,0,0,-2.88,-1.46,12,2017
2011,Total,3 Bedrooms,1320,1572.5,1700,,270,14.360000000000001,6.61,-33.33,-25.0,12,2017
2011,Total,4 or more Bedrooms,,,,,42,,,,,12,2017
2011,House,Total,400,625,797.5,,115,48.809999999999995,5.04,-36.11,155.56,12,2017
2011,House,Bedsitter,,,,,,,,,,12,2017
2011,House,1 Bedroom,365,410,707.5,,48,5.13,-19.61,-35.29,120.0,12,2017
2011,House,Not Specified,,,,,,,,,,12,2017
2011,House,2 Bedrooms,,,,,,,,,,12,2017
2011,House,3 Bedrooms,,,,,,,,,,12,2017
2011,House,4 or more Bedrooms,,,,,,,,,,12,2017
2011,Other,Total,390,550,718.75,50,1016,10.549999999999999,39.24,13.639999999999999,-42.53,12,2017
2011,Other,Bedsitter,,,,,181,,,,,12,2017
2011,Other,1 Bedroom,,,,,178,,,,,12,2017
2011,Other,Not Specified,391.25,525,737.5,,533,6.0600000000000005,45.83,20.0,-38.78,12,2017
2011,Other,2 Bedrooms,,,,,105,,,,,12,2017
2011,Other,3 Bedrooms,,,,,,,,,,12,2017
2011,Other,4 or more Bedrooms,,,,,,,,,,12,2017
2011,Townhouse,Total,,,,,108,,,,,12,2017
2011,Townhouse,Bedsitter,,,,,,,,,,12,2017
2011,Townhouse,1 Bedroom,,,,,,,,,,12,2017
2011,Townhouse,Not Specified,,,,,,,,,,12,2017
2011,Townhouse,2 Bedrooms,,,,,34,,,,,12,2017
2011,Townhouse,3 Bedrooms,,,,,,,,,,12,2017
2011,Townhouse,4 or more Bedrooms,,,,,,,,,,12,2017
2011,Flat/Unit,Total,450,560,750,570,5849,1.82,4.67,-5.16,-12.31,12,2017
2011,Flat/Unit,Bedsitter,380,410,487.5,59,888,2.5,7.89,-33.71,-20.27,12,2017
2011,Flat/Unit,1 Bedroom,440,525,620,344,2645,0.96,-2.78,8.52,30.8,12,2017
2011,Flat/Unit,Not Specified,380,465,522.5,,776,1.09,10.71,-44.68,-84.43,12,2017
2011,Flat/Unit,2 Bedrooms,711.25,820,995,124,1312,2.5,2.5,-0.8,-1.59,12,2017
2011,Flat/Unit,3 Bedrooms,1258.75,1597.5,1718.75,,210,15.76,5.45,-27.27,-20.0,12,2017
2011,Flat/Unit,4 or more Bedrooms,,,,,,,,,,12,2017
2015,Total,Total,560,650,760,289,2421,3.17,4.84,3.2099999999999995,20.919999999999998,12,2017
2015,Total,Bedsitter,,,,,,,,,,12,2017
2015,Total,1 Bedroom,500,550,600,112,773,0.9199999999999999,1.8499999999999999,-4.2700000000000005,34.94,12,2017
2015,Total,Not Specified,642.5,690,750,,325,12.2,15.0,-50.0,-72.72999999999999,12,2017
2015,Total,2 Bedrooms,650,700,785,127,941,0,6.0600000000000005,30.930000000000003,64.94,12,2017
2015,Total,3 Bedrooms,797.5,900,1100,,293,-4.0,-5.26,-17.86,-17.86,12,2017
2015,Total,4 or more Bedrooms,1095,1475,1502.5,,66,9.26,22.919999999999998,50.0,140.0,12,2017
2015,House,Total,650,785,992.5,,196,-1.87,4.67,0,100,12,2017
2015,House,Bedsitter,,,,,,,,,,12,2017
2015,House,1 Bedroom,,,,,,,,,,12,2017
2015,House,Not Specified,,,,,,,,,,12,2017
2015,House,2 Bedrooms,650,730,792.5,,87,5.04,6.959999999999999,77.78,100,12,2017
2015,House,3 Bedrooms,,,,,61,,,,,12,2017
2015,House,4 or more Bedrooms,,,,,,,,,,12,2017
2015,Other,Total,655,702.5,795,,340,13.309999999999999,23.79,-33.33,-61.11,12,2017
2015,Other,Bedsitter,,,,,,,,,,12,2017
2015,Other,1 Bedroom,,,,,50,,,,,12,2017
2015,Other,Not Specified,,,,,199,,,,,12,2017
2015,Other,2 Bedrooms,,,,,56,,,,,12,2017
2015,Other,3 Bedrooms,,,,,,,,,,12,2017
2015,Other,4 or more Bedrooms,,,,,,,,,,12,2017
2015,Townhouse,Total,750,915,1150,,296,1.67,1.67,0,0,12,2017
2015,Townhouse,Bedsitter,,,,,,,,,,12,2017
2015,Townhouse,1 Bedroom,,,,,,,,,,12,2017
2015,Townhouse,Not Specified,,,,,,,,,,12,2017
2015,Townhouse,2 Bedrooms,,,,,109,,,,,12,2017
2015,Townhouse,3 Bedrooms,,,,,112,,,,,12,2017
2015,Townhouse,4 or more Bedrooms,,,,,31,,,,,12,2017
2015,Flat/Unit,Total,548.75,620,710,220,1589,3.3300000000000005,3.3300000000000005,7.84,34.97,12,2017
2015,Flat/Unit,Bedsitter,,,,,,,,,,12,2017
2015,Flat/Unit,1 Bedroom,500,550,600,107,683,0,1.8499999999999999,4.9,42.67,12,2017
2015,Flat/Unit,Not Specified,,,,,96,,,,,12,2017
2015,Flat/Unit,2 Bedrooms,650,700,770,99,689,1.4500000000000002,7.6899999999999995,22.220000000000002,70.69,12,2017
2015,Flat/Unit,3 Bedrooms,,,,,97,,,,,12,2017
2015,Flat/Unit,4 or more Bedrooms,,,,,,,,,,12,2017
2016,Total,Total,360,465,717.5,450,2987,-0.8500000000000001,-16.220000000000002,0.67,42.86,12,2017
2016,Total,Bedsitter,350,360,400,,104,0.7000000000000001,0,-18.75,160.0,12,2017
2016,Total,1 Bedroom,360,395,485,295,1143,-7.93,-7.93,-2.64,72.50999999999999,12,2017
2016,Total,Not Specified,,,,,302,,,,,12,2017
2016,Total,2 Bedrooms,690,750,850,77,921,1.01,7.140000000000001,4.05,6.94,12,2017
2016,Total,3 Bedrooms,850,950,1050,45,390,1.6,5.56,40.63,55.169999999999995,12,2017
2016,Total,4 or more Bedrooms,,,,,127,,,,,12,2017
2016,House,Total,685,850,1050,37,183,0,19.72,23.330000000000002,311.11,12,2017
2016,House,Bedsitter,,,,,,,,,,12,2017
2016,House,1 Bedroom,,,,,,,,,,12,2017
2016,House,Not Specified,,,,,,,,,,12,2017
2016,House,2 Bedrooms,673.75,760,850,,62,1.3299999999999998,7.8,40.0,250.0,12,2017
2016,House,3 Bedrooms,777.5,1025,1196.25,,67,13.889999999999999,22.02,60.0,433.33000000000004,12,2017
2016,House,4 or more Bedrooms,,,,,31,,,,,12,2017
2016,Other,Total,360,360,442,151,750,-4.0,-13.669999999999998,-29.770000000000003,13.530000000000001,12,2017
2016,Other,Bedsitter,,,,,,,,,,12,2017
2016,Other,1 Bedroom,360,360,426,140,389,0,2.86,-28.93,38.61,12,2017
2016,Other,Not Specified,,,,,184,,,,,12,2017
2016,Other,2 Bedrooms,,,,,93,,,,,12,2017
2016,Other,3 Bedrooms,,,,,43,,,,,12,2017
2016,Other,4 or more Bedrooms,,,,,,,,,,12,2017
2016,Townhouse,Total,750,900,995,,300,13.56,5.88,13.639999999999999,8.7,12,2017
2016,Townhouse,Bedsitter,,,,,,,,,,12,2017
2016,Townhouse,1 Bedroom,,,,,,,,,,12,2017
2016,Townhouse,Not Specified,,,,,,,,,,12,2017
2016,Townhouse,2 Bedrooms,677.5,700,860,,114,-7.89,1.4500000000000002,22.220000000000002,57.14,12,2017
2016,Townhouse,3 Bedrooms,,,,,99,,,,,12,2017
2016,Townhouse,4 or more Bedrooms,,,,,58,,,,,12,2017
2016,Flat/Unit,Total,395,524,710,237,1754,-12.67,-14.45,31.669999999999998,57.99999999999999,12,2017
2016,Flat/Unit,Bedsitter,350,360,450,,82,2.86,-1.37,-15.379999999999999,175.0,12,2017
2016,Flat/Unit,1 Bedroom,395,429,560,151,720,-22.0,-22.0,51.0,132.31,12,2017
2016,Flat/Unit,Not Specified,,,,,103,,,,,12,2017
2016,Flat/Unit,2 Bedrooms,700,750,800,51,652,2.74,7.140000000000001,0,-7.2700000000000005,12,2017
2016,Flat/Unit,3 Bedrooms,830,900,950,,181,-5.76,5.88,58.330000000000005,26.669999999999998,12,2017
2016,Flat/Unit,4 or more Bedrooms,,,,,,,,,,12,2017
2017,Total,Total,590,700,780,683,5867,-2.78,0,-21.490000000000002,11.24,12,2017
2017,Total,Bedsitter,,,,,,,,,,12,2017
2017,Total,1 Bedroom,550,580,620,286,2013,0,3.5700000000000003,-18.98,23.28,12,2017
2017,Total,Not Specified,565,650,785,,441,-5.11,1.5599999999999998,-24.0,-66.07,12,2017
2017,Total,2 Bedrooms,730,760,800,319,2943,-1.3,2.7,-23.87,16.42,12,2017
2017,Total,3 Bedrooms,950,1000,1090,49,404,-5.66,1.01,-19.67,4.26,12,2017
2017,Total,4 or more Bedrooms,,,,,36,,,,,12,2017
2017,House,Total,657.5,787.5,900,,109,9.379999999999999,-12.5,11.110000000000001,100,12,2017
2017,House,Bedsitter,,,,,,,,,,12,2017
2017,House,1 Bedroom,,,,,,,,,,12,2017
2017,House,Not Specified,,,,,,,,,,12,2017
2017,House,2 Bedrooms,,,,,50,,,,,12,2017
2017,House,3 Bedrooms,,,,,,,,,,12,2017
2017,House,4 or more Bedrooms,,,,,,,,,,12,2017
2017,Other,Total,585,730,770,,423,2.1,22.689999999999998,-42.42,-50.0,12,2017
2017,Other,Bedsitter,,,,,,,,,,12,2017
2017,Other,1 Bedroom,,,,,85,,,,,12,2017
2017,Other,Not Specified,,,,,165,,,,,12,2017
2017,Other,2 Bedrooms,,,,,148,,,,,12,2017
2017,Other,3 Bedrooms,,,,,,,,,,12,2017
2017,Other,4 or more Bedrooms,,,,,,,,,,12,2017
2017,Townhouse,Total,571.25,735,911.25,,1146,-8.12,2.08,7.6899999999999995,-84.53,12,2017
2017,Townhouse,1 Bedroom,,,,,316,,,,,12,2017
2017,Townhouse,Not Specified,,,,,,,,,,12,2017
2017,Townhouse,2 Bedrooms,700,740,765,,689,-7.5,0,22.220000000000002,-88.3,12,2017
2017,Townhouse,3 Bedrooms,,,,,104,,,,,12,2017
2017,Townhouse,4 or more Bedrooms,,,,,,,,,,12,2017
2017,Flat/Unit,Total,590,700,780,616,4189,-2.78,2.19,-22.32,60.0,12,2017
2017,Flat/Unit,Bedsitter,,,,,,,,,,12,2017
2017,Flat/Unit,1 Bedroom,550,580,620,270,1595,0,5.45,-18.43,75.32,12,2017
2017,Flat/Unit,Not Specified,,,,,253,,,,,12,2017
2017,Flat/Unit,2 Bedrooms,730,760,800,292,2056,-1.94,2.36,-25.319999999999997,73.81,12,2017
2017,Flat/Unit,3 Bedrooms,962.5,1015,1100,38,260,-6.02,-3.3300000000000005,-22.45,80.95,12,2017
2017,Flat/Unit,4 or more Bedrooms,,,,,,,,,,12,2017
2018,Total,Total,510,630,750,273,2454,-2.33,5.0,2.63,17.669999999999998,12,2017
2018,Total,Bedsitter,,,,,,,,,,12,2017
2018,Total,1 Bedroom,500,550,590,75,465,-3.51,5.7700000000000005,20.97,29.310000000000002,12,2017
2018,Total,Not Specified,,,,,261,,,,,12,2017
2018,Total,2 Bedrooms,500,690,750,144,1308,1.47,6.15,-1.37,18.029999999999998,12,2017
2018,Total,3 Bedrooms,750,930,1000,34,350,4.79,12.73,-5.56,21.43,12,2017
2018,Total,4 or more Bedrooms,,,,,60,,,,,12,2017
2018,House,Total,597.5,750,970,,258,-7.9799999999999995,0.67,-31.25,46.67,12,2017
2018,House,1 Bedroom,,,,,,,,,,12,2017
2018,House,Not Specified,,,,,,,,,,12,2017
2018,House,2 Bedrooms,,,,,55,,,,,12,2017
2018,House,3 Bedrooms,,,,,133,,,,,12,2017
2018,House,4 or more Bedrooms,,,,,45,,,,,12,2017
2018,Other,Total,452.5,497.5,652.5,,229,-28.93,-6.13,-12.5,-12.5,12,2017
2018,Other,Bedsitter,,,,,,,,,,12,2017
2018,Other,1 Bedroom,,,,,37,,,,,12,2017
2018,Other,Not Specified,,,,,75,,,,,12,2017
2018,Other,2 Bedrooms,,,,,77,,,,,12,2017
2018,Other,3 Bedrooms,,,,,,,,,,12,2017
2018,Other,4 or more Bedrooms,,,,,,,,,,12,2017
2018,Townhouse,Total,,,,,85,,,,,12,2017
2018,Townhouse,1 Bedroom,,,,,,,,,,12,2017
2018,Townhouse,Not Specified,,,,,,,,,,12,2017
2018,Townhouse,2 Bedrooms,,,,,38,,,,,12,2017
2018,Townhouse,3 Bedrooms,,,,,32,,,,,12,2017
2018,Townhouse,4 or more Bedrooms,,,,,,,,,,12,2017
2018,Flat/Unit,Total,520,620,750,231,1882,0,8.77,7.9399999999999995,35.88,12,2017
2018,Flat/Unit,Bedsitter,,,,,,,,,,12,2017
2018,Flat/Unit,1 Bedroom,500,560,592.5,71,412,-1.7500000000000002,8.74,16.39,44.9,12,2017
2018,Flat/Unit,Not Specified,,,,,166,,,,,12,2017
2018,Flat/Unit,2 Bedrooms,575,700,750,129,1138,2.94,12.0,-0.77,40.22,12,2017
2018,Flat/Unit,3 Bedrooms,780,930,1080,,158,9.41,20.0,23.53,50.0,12,2017
2018,Flat/Unit,4 or more Bedrooms,,,,,,,,,,12,2017
2019,Total,Total,560,660,725,177,1163,6.45,4.760000000000001,59.46,82.47,12,2017
2019,Total,Bedsitter,,,,,,,,,,12,2017
2019,Total,1 Bedroom,527.5,550,572.5,52,257,-2.65,5.7700000000000005,48.57,108.0,12,2017
2019,Total,Not Specified,,,,,117,,,,,12,2017
2019,Total,2 Bedrooms,650,690,710,90,513,2.9899999999999998,7.8100000000000005,91.49000000000001,143.23999999999998,12,2017
2019,Total,3 Bedrooms,735,780,900,,215,-9.3,-8.24,27.779999999999998,21.05,12,2017
2019,Total,4 or more Bedrooms,,,,,54,,,,,12,2017
2019,House,Total,695,750,895,,143,3.09,-14.29,6.25,88.89,12,2017
2019,House,1 Bedroom,,,,,,,,,,12,2017
2019,House,Not Specified,,,,,,,,,,12,2017
2019,House,2 Bedrooms,,,,,35,,,,,12,2017
2019,House,3 Bedrooms,,,,,53,,,,,12,2017
2019,House,4 or more Bedrooms,,,,,35,,,,,12,2017
2019,Other,Total,,,,,121,,,,,12,2017
2019,Other,Bedsitter,,,,,,,,,,12,2017
2019,Other,1 Bedroom,,,,,,,,,,12,2017
2019,Other,Not Specified,,,,,53,,,,,12,2017
2019,Other,2 Bedrooms,,,,,,,,,,12,2017
2019,Other,3 Bedrooms,,,,,,,,,,12,2017
2019,Other,4 or more Bedrooms,,,,,,,,,,12,2017
2019,Townhouse,Total,708.75,775,927.5,,114,-18.42,-8.82,77.78,33.33,12,2017
2019,Townhouse,1 Bedroom,,,,,,,,,,12,2017
2019,Townhouse,Not Specified,,,,,,,,,,12,2017
2019,Townhouse,2 Bedrooms,,,,,,,,,,12,2017
2019,Townhouse,3 Bedrooms,743.75,827.5,950,,71,-12.889999999999999,-2.65,100,50.0,12,2017
2019,Townhouse,4 or more Bedrooms,,,,,,,,,,12,2017
2019,Flat/Unit,Total,550,650,700,139,785,10.17,8.33,71.6,104.41,12,2017
2019,Flat/Unit,Bedsitter,,,,,,,,,,12,2017
2019,Flat/Unit,1 Bedroom,527.5,550,572.5,48,233,-2.22,3.7699999999999996,50.0,128.57,12,2017
2019,Flat/Unit,Not Specified,,,,,50,,,,,12,2017
2019,Flat/Unit,2 Bedrooms,650,690,710,78,426,6.15,8.66,90.24,116.67,12,2017
2019,Flat/Unit,3 Bedrooms,,,,,68,,,,,12,2017
2019,Flat/Unit,4 or more Bedrooms,,,,,,,,,,12,2017
2020,Total,Total,620,720,760,327,2858,0,5.88,-7.89,0.62,12,2017
2020,Total,Bedsitter,,,,,,,,,,12,2017
2020,Total,1 Bedroom,580,610,660,97,730,0,7.02,-14.16,-7.62,12,2017
2020,Total,Not Specified,550,650,750,,256,26.21,15.559999999999999,6.25,21.43,12,2017
2020,Total,2 Bedrooms,690,725,750,164,1447,-3.3300000000000005,2.11,-0.61,-10.38,12,2017
2020,Total,3 Bedrooms,850,900,950,42,349,-5.26,13.209999999999999,-17.65,121.05,12,2017
2020,Total,4 or more Bedrooms,,,,,70,,,,,12,2017
2020,House,Total,700,750,850,,284,-4.760000000000001,7.140000000000001,22.73,17.39,12,2017
2020,House,1 Bedroom,,,,,,,,,,12,2017
2020,House,Not Specified,,,,,,,,,,12,2017
2020,House,2 Bedrooms,,,,,66,,,,,12,2017
2020,House,3 Bedrooms,715,825,910,,140,5.7700000000000005,6.800000000000001,-7.6899999999999995,50.0,12,2017
2020,House,4 or more Bedrooms,,,,,44,,,,,12,2017
2020,Other,Total,585,745,761.25,,200,6.43,34.23,-36.84,0,12,2017
2020,Other,Bedsitter,,,,,,,,,,12,2017
2020,Other,1 Bedroom,,,,,,,,,,12,2017
2020,Other,Not Specified,,,,,105,,,,,12,2017
2020,Other,2 Bedrooms,,,,,53,,,,,12,2017
2020,Other,3 Bedrooms,,,,,,,,,,12,2017
2020,Other,4 or more Bedrooms,,,,,,,,,,12,2017
2020,Townhouse,Total,,,,,258,,,,,12,2017
2020,Townhouse,1 Bedroom,,,,,107,,,,,12,2017
2020,Townhouse,Not Specified,,,,,,,,,,12,2017
2020,Townhouse,2 Bedrooms,,,,,102,,,,,12,2017
2020,Townhouse,3 Bedrooms,,,,,,,,,,12,2017
2020,Townhouse,4 or more Bedrooms,,,,,,,,,,12,2017
2020,Flat/Unit,Total,610,710,760,279,2116,1.43,7.580000000000001,-9.71,24.0,12,2017
2020,Flat/Unit,Bedsitter,,,,,,,,,,12,2017
2020,Flat/Unit,1 Bedroom,580,610,650,94,593,0,7.960000000000001,-14.549999999999999,5.62,12,2017
2020,Flat/Unit,Not Specified,525,637.5,775,,126,41.67,41.67,9.09,71.43,12,2017
2020,Flat/Unit,2 Bedrooms,690,725,750,144,1226,-3.9699999999999998,5.07,-5.26,19.009999999999998,12,2017
2020,Flat/Unit,3 Bedrooms,891.25,900,985,,163,-7.22,11.799999999999999,-17.65,250.0,12,2017
2020,Flat/Unit,4 or more Bedrooms,,,,,,,,,,12,2017
2021,Total,Total,475,722.5,1153.75,318,3346,3.2099999999999995,7.84,-15.43,3.92,12,2017
2021,Total,Bedsitter,338.75,360,390,32,280,-5.88,-5.26,6.67,88.24,12,2017
2021,Total,1 Bedroom,422.5,490,575,87,930,3.16,2.62,-25.64,-7.449999999999999,12,2017
2021,Total,Not Specified,420,795,1150,,500,74.72999999999999,16.91,-10.71,-50.980000000000004,12,2017
2021,Total,2 Bedrooms,630,780,980,81,907,-2.5,0,-25.69,-6.9,12,2017
2021,Total,3 Bedrooms,1025,1250,1350,65,552,4.17,0,-9.719999999999999,58.540000000000006,12,2017
2021,Total,4 or more Bedrooms,1308.75,1500,1800,,177,0,-14.89,40.0,75.0,12,2017
2021,House,Total,992.5,1200,1398.75,66,328,0.04,4.35,3.1300000000000003,175.0,12,2017
2021,House,Bedsitter,,,,,,,,,,12,2017
2021,House,1 Bedroom,,,,,,,,,,12,2017
2021,House,Not Specified,,,,,32,,,,,12,2017
2021,House,2 Bedrooms,798.75,897.5,1125,,80,-3.9600000000000004,-0.27999999999999997,-11.110000000000001,166.67000000000002,12,2017
2021,House,3 Bedrooms,1100,1275,1350,,133,6.25,6.25,-3.45,366.67,12,2017
2021,House,4 or more Bedrooms,1375,1500,1810,,69,-5.96,-9.09,36.36,275.0,12,2017
2021,Other,Total,365,560,950,,520,-13.850000000000001,-21.68,-35.9,-37.5,12,2017
2021,Other,Bedsitter,,,,,66,,,,,12,2017
2021,Other,1 Bedroom,,,,,82,,,,,12,2017
2021,Other,Not Specified,,,,,217,,,,,12,2017
2021,Other,2 Bedrooms,,,,,86,,,,,12,2017
2021,Other,3 Bedrooms,,,,,49,,,,,12,2017
2021,Other,4 or more Bedrooms,,,,,,,,,,12,2017
2021,Townhouse,Total,950,1100,1300,51,635,1.8499999999999999,1.8499999999999999,-21.54,-16.39,12,2017
2021,Townhouse,Bedsitter,,,,,,,,,,12,2017
2021,Townhouse,1 Bedroom,,,,,35,,,,,12,2017
2021,Townhouse,Not Specified,,,,,43,,,,,12,2017
2021,Townhouse,2 Bedrooms,757.5,845,1075,,209,-6.11,-3.4299999999999997,-44.0,-33.33,12,2017
2021,Townhouse,3 Bedrooms,1022.5,1250,1350,,275,4.17,-3.85,-23.330000000000002,4.55,12,2017
2021,Townhouse,4 or more Bedrooms,,,,,72,,,,,12,2017
2021,Flat/Unit,Total,420,550,700,176,1863,4.2700000000000005,2.8000000000000003,-15.379999999999999,-2.76,12,2017
2021,Flat/Unit,Bedsitter,350,370,391.25,,209,-3.9,-2.63,12.0,115.38,12,2017
2021,Flat/Unit,1 Bedroom,425,485,575,77,803,2.11,1.04,-27.36,-11.49,12,2017
2021,Flat/Unit,Not Specified,,,,,208,,,,,12,2017
2021,Flat/Unit,2 Bedrooms,610,670,817.5,48,532,-8.219999999999999,-5.63,-14.29,-5.88,12,2017
2021,Flat/Unit,3 Bedrooms,,,,,95,,,,,12,2017
2021,Flat/Unit,4 or more Bedrooms,,,,,,,,,,12,2017
2022,Total,Total,630,750,930,277,2553,2.74,1.35,8.63,-1.77,12,2017
2022,Total,Bedsitter,220,390,420,,138,-2.5,-17.89,18.18,18.18,12,2017
2022,Total,1 Bedroom,532.5,640,690,91,685,6.67,1.59,2.25,2.25,12,2017
2022,Total,Not Specified,470,580,717.5,,295,3.5700000000000003,-14.069999999999999,0,-72.72999999999999,12,2017
2022,Total,2 Bedrooms,750,850,912.5,108,961,6.92,-2.86,31.71,33.33,12,2017
2022,Total,3 Bedrooms,1075,1200,1350,33,359,9.09,2.13,-31.25,-2.94,12,2017
2022,Total,4 or more Bedrooms,1100,1400,1600,,115,-8.790000000000001,3.32,70.0,41.67,12,2017
2022,House,Total,885,1100,1395,33,202,0,0,0,57.14,12,2017
2022,House,Bedsitter,,,,,,,,,,12,2017
2022,House,1 Bedroom,,,,,,,,,,12,2017
2022,House,Not Specified,,,,,,,,,,12,2017
2022,House,2 Bedrooms,,,,,41,,,,,12,2017
2022,House,3 Bedrooms,,,,,74,,,,,12,2017
2022,House,4 or more Bedrooms,1100,1395,1690,,61,-15.959999999999999,46.839999999999996,62.5,225.0,12,2017
2022,Other,Total,312.5,715,1050,,386,19.17,5.93,46.150000000000006,-64.81,12,2017
2022,Other,Bedsitter,,,,,40,,,,,12,2017
2022,Other,1 Bedroom,,,,,69,,,,,12,2017
2022,Other,Not Specified,,,,,152,,,,,12,2017
2022,Other,2 Bedrooms,,,,,83,,,,,12,2017
2022,Other,3 Bedrooms,,,,,34,,,,,12,2017
2022,Other,4 or more Bedrooms,,,,,,,,,,12,2017
2022,Townhouse,Total,797.5,905,1262.5,,207,-9.5,-27.6,5.26,17.65,12,2017
2022,Townhouse,Bedsitter,,,,,,,,,,12,2017
2022,Townhouse,1 Bedroom,,,,,,,,,,12,2017
2022,Townhouse,Not Specified,,,,,,,,,,12,2017
2022,Townhouse,2 Bedrooms,785,800,895,,74,-5.88,-7.51,22.220000000000002,175.0,12,2017
2022,Townhouse,3 Bedrooms,,,,,80,,,,,12,2017
2022,Townhouse,4 or more Bedrooms,,,,,35,,,,,12,2017
2022,Flat/Unit,Total,600,700,860,205,1758,0,1.4500000000000002,7.89,7.89,12,2017
2022,Flat/Unit,Bedsitter,347.5,400,422.5,,95,-3.61,-16.23,22.220000000000002,10.0,12,2017
2022,Flat/Unit,1 Bedroom,540,640,686.25,84,600,4.07,1.59,1.2,15.07,12,2017
2022,Flat/Unit,Not Specified,,,,,118,,,,,12,2017
2022,Flat/Unit,2 Bedrooms,740,840,922.5,87,763,6.329999999999999,-2.8899999999999997,33.85,33.85,12,2017
2022,Flat/Unit,3 Bedrooms,1081.25,1172.5,1325,,171,4.22,-2.29,-41.67,0,12,2017
2022,Flat/Unit,4 or more Bedrooms,,,,,,,,,,12,2017
2023,Total,Total,650,750,1037.5,87,1346,7.140000000000001,2.04,-33.08,-36.03,12,2017
2023,Total,Bedsitter,,,,,,,,,,12,2017
2023,Total,1 Bedroom,,,,,176,,,,,12,2017
2023,Total,Not Specified,,,,,173,,,,,12,2017
2023,Total,2 Bedrooms,650,705,778.75,42,682,3.6799999999999997,0.7100000000000001,-42.47,-26.32,12,2017
2023,Total,3 Bedrooms,939.75,1185,1424.25,,227,4.64,26.740000000000002,-8.33,10.0,12,2017
2023,Total,4 or more Bedrooms,,,,,77,,,,,12,2017
2023,House,Total,1950,2700,3400,,85,80.0,35.0,-15.379999999999999,-42.11,12,2017
2023,House,1 Bedroom,,,,,,,,,,12,2017
2023,House,Not Specified,,,,,,,,,,12,2017
2023,House,2 Bedrooms,,,,,,,,,,12,2017
2023,House,3 Bedrooms,,,,,,,,,,12,2017
2023,House,4 or more Bedrooms,,,,,45,,,,,12,2017
2023,Other,Total,,,,,223,,,,,12,2017
2023,Other,Bedsitter,,,,,,,,,,12,2017
2023,Other,1 Bedroom,,,,,,,,,,12,2017
2023,Other,Not Specified,,,,,78,,,,,12,2017
2023,Other,2 Bedrooms,,,,,94,,,,,12,2017
2023,Other,3 Bedrooms,,,,,,,,,,12,2017
2023,Other,4 or more Bedrooms,,,,,,,,,,12,2017
2023,Townhouse,Total,,,,,40,,,,,12,2017
2023,Townhouse,1 Bedroom,,,,,,,,,,12,2017
2023,Townhouse,Not Specified,,,,,,,,,,12,2017
2023,Townhouse,2 Bedrooms,,,,,,,,,,12,2017
2023,Townhouse,3 Bedrooms,,,,,,,,,,12,2017
2023,Townhouse,4 or more Bedrooms,,,,,,,,,,12,2017
2023,Flat/Unit,Total,650,725,820,67,998,7.41,1.7500000000000002,-34.949999999999996,-28.720000000000002,12,2017
2023,Flat/Unit,Bedsitter,,,,,,,,,,12,2017
2023,Flat/Unit,1 Bedroom,,,,,152,,,,,12,2017
2023,Flat/Unit,Not Specified,,,,,81,,,,,12,2017
2023,Flat/Unit,2 Bedrooms,650,710,790,39,570,4.41,1.43,-40.0,-18.75,12,2017
2023,Flat/Unit,3 Bedrooms,920,1050,1350,,171,16.02,15.7,-7.140000000000001,-7.140000000000001,12,2017
2023,Flat/Unit,4 or more Bedrooms,,,,,,,,,,12,2017
2024,Total,Total,600,700,838.75,128,1679,0,-2.78,-22.89,-12.33,12,2017
2024,Total,Bedsitter,,,,,35,,,,,12,2017
2024,Total,1 Bedroom,500,570,633.75,34,376,-0.8699999999999999,3.64,-24.44,47.83,12,2017
2024,Total,Not Specified,,,,,184,,,,,12,2017
2024,Total,2 Bedrooms,660,722.5,796.25,68,858,2.48,0.35000000000000003,-20.93,-8.110000000000001,12,2017
2024,Total,3 Bedrooms,873.75,990,1170,,169,-5.71,-10.0,0,-15.790000000000001,12,2017
2024,Total,4 or more Bedrooms,,,,,57,,,,,12,2017
2024,House,Total,,,,,124,,,,,12,2017
2024,House,Bedsitter,,,,,,,,,,12,2017
2024,House,1 Bedroom,,,,,,,,,,12,2017
2024,House,Not Specified,,,,,,,,,,12,2017
2024,House,2 Bedrooms,,,,,,,,,,12,2017
2024,House,3 Bedrooms,,,,,39,,,,,12,2017
2024,House,4 or more Bedrooms,,,,,36,,,,,12,2017
2024,Other,Total,,,,,201,,,,,12,2017
2024,Other,Bedsitter,,,,,,,,,,12,2017
2024,Other,1 Bedroom,,,,,,,,,,12,2017
2024,Other,Not Specified,,,,,84,,,,,12,2017
2024,Other,2 Bedrooms,,,,,58,,,,,12,2017
2024,Other,3 Bedrooms,,,,,,,,,,12,2017
2024,Other,4 or more Bedrooms,,,,,,,,,,12,2017
2024,Townhouse,Total,,,,,90,,,,,12,2017
2024,Townhouse,1 Bedroom,,,,,,,,,,12,2017
2024,Townhouse,Not Specified,,,,,,,,,,12,2017
2024,Townhouse,2 Bedrooms,,,,,32,,,,,12,2017
2024,Townhouse,3 Bedrooms,,,,,39,,,,,12,2017
2024,Townhouse,4 or more Bedrooms,,,,,,,,,,12,2017
2024,Flat/Unit,Total,600,680,750,109,1264,3.0300000000000002,-2.86,-12.8,6.859999999999999,12,2017
2024,Flat/Unit,Bedsitter,,,,,,,,,,12,2017
2024,Flat/Unit,1 Bedroom,500,577.5,636.25,32,343,0.43,5.0,-23.810000000000002,68.42,12,2017
2024,Flat/Unit,Not Specified,,,,,83,,,,,12,2017
2024,Flat/Unit,2 Bedrooms,655,710,755,63,739,1.43,-1.39,-14.860000000000001,3.2800000000000002,12,2017
2024,Flat/Unit,3 Bedrooms,,,,,70,,,,,12,2017
2024,Flat/Unit,4 or more Bedrooms,,,,,,,,,,12,2017
2025,Total,Total,680,790,1195,109,1190,6.76,1.94,-14.17,-3.54,12,2017
2025,Total,Bedsitter,,,,,,,,,,12,2017
2025,Total,1 Bedroom,492.5,550,650,,255,4.760000000000001,2.8000000000000003,-20.69,64.29,12,2017
2025,Total,Not Specified,,,,,130,,,,,12,2017
2025,Total,2 Bedrooms,725,770,850,50,521,8.450000000000001,2.67,-23.080000000000002,-20.630000000000003,12,2017
2025,Total,3 Bedrooms,960,1300,1450,,206,4.0,4.0,-10.530000000000001,-26.090000000000003,12,2017
2025,Total,4 or more Bedrooms,1850,2900,3500,,64,56.76,28.89,30.0,225.0,12,2017
2025,House,Total,1192.5,1400,1883.75,,113,19.15,-0.88,10.0,83.33,12,2017
2025,House,1 Bedroom,,,,,,,,,,12,2017
2025,House,Not Specified,,,,,,,,,,12,2017
2025,House,2 Bedrooms,,,,,,,,,,12,2017
2025,House,3 Bedrooms,,,,,47,,,,,12,2017
2025,House,4 or more Bedrooms,,,,,,,,,,12,2017
2025,Other,Total,750,850,2500,,201,28.299999999999997,6.25,-7.140000000000001,0,12,2017
2025,Other,Bedsitter,,,,,,,,,,12,2017
2025,Other,1 Bedroom,,,,,34,,,,,12,2017
2025,Other,Not Specified,,,,,57,,,,,12,2017
2025,Other,2 Bedrooms,,,,,70,,,,,12,2017
2025,Other,3 Bedrooms,,,,,,,,,,12,2017
2025,Other,4 or more Bedrooms,,,,,,,,,,12,2017
2025,Townhouse,Total,790,1000,1324.5,,152,-1.96,-4.760000000000001,-15.379999999999999,10.0,12,2017
2025,Townhouse,1 Bedroom,,,,,,,,,,12,2017
2025,Townhouse,Not Specified,,,,,,,,,,12,2017
2025,Townhouse,2 Bedrooms,,,,,46,,,,,12,2017
2025,Townhouse,3 Bedrooms,,,,,67,,,,,12,2017
2025,Townhouse,4 or more Bedrooms,,,,,,,,,,12,2017
2025,Flat/Unit,Total,565,725,797.5,63,724,7.01,3.5700000000000003,-21.25,-19.23,12,2017
2025,Flat/Unit,Bedsitter,,,,,,,,,,12,2017
2025,Flat/Unit,1 Bedroom,485,530,595,,208,6.0,-3.64,-24.0,46.150000000000006,12,2017
2025,Flat/Unit,Not Specified,,,,,52,,,,,12,2017
2025,Flat/Unit,2 Bedrooms,697,750,797.5,35,380,7.140000000000001,3.45,-27.08,-30.0,12,2017
2025,Flat/Unit,3 Bedrooms,,,,,69,,,,,12,2017
2025,Flat/Unit,4 or more Bedrooms,,,,,,,,,,12,2017
2026,Total,Total,622.5,755,995,635,7780,3.42,0.67,-17.849999999999998,-10.31,12,2017
2026,Total,Bedsitter,400,430,510,,361,0,-4.44,-20.69,-14.81,12,2017
2026,Total,1 Bedroom,540,595,680,162,1701,3.4799999999999995,-0.83,-26.700000000000003,9.46,12,2017
2026,Total,Not Specified,523.75,650,843.75,42,1016,-7.140000000000001,-23.53,-4.55,-70.63000000000001,12,2017
2026,Total,2 Bedrooms,700,797.5,921.25,296,3719,3.5700000000000003,3.5700000000000003,-20.22,1.72,12,2017
2026,Total,3 Bedrooms,1000,1125,1353.75,84,796,-2.17,-6.25,1.2,6.329999999999999,12,2017
2026,Total,4 or more Bedrooms,1571.25,1865,2287.5,,187,9.379999999999999,11.34,12.0,40.0,12,2017
2026,House,Total,795,1100,1675,63,381,14.580000000000002,-14.729999999999999,-7.35,16.669999999999998,12,2017
2026,House,Bedsitter,,,,,,,,,,12,2017
2026,House,1 Bedroom,535,610,677.5,,42,0.41000000000000003,38.64,-8.33,1000,12,2017
2026,House,Not Specified,,,,,38,,,,,12,2017
2026,House,2 Bedrooms,825,935,1125,,87,19.869999999999997,14.719999999999999,33.33,185.71,12,2017
2026,House,3 Bedrooms,1000,1100,1250,,114,0,-20.72,-31.580000000000002,-18.75,12,2017
2026,House,4 or more Bedrooms,1665,2047.5,2475,,93,7.76,-2.5,0,157.14,12,2017
2026,Other,Total,522.5,640,840,43,1105,-4.12,-5.54,2.3800000000000003,-51.13999999999999,12,2017
2026,Other,Bedsitter,,,,,95,,,,,12,2017
2026,Other,1 Bedroom,,,,,163,,,,,12,2017
2026,Other,Not Specified,583.75,637.5,725,,412,-11.459999999999999,-17.21,45.45,-42.86,12,2017
2026,Other,2 Bedrooms,740,800,862.5,,351,6.67,11.110000000000001,0,-62.07,12,2017
2026,Other,3 Bedrooms,,,,,70,,,,,12,2017
2026,Other,4 or more Bedrooms,,,,,,,,,,12,2017
2026,Townhouse,Total,905,1150,1287.5,,287,12.2,9.520000000000001,8.33,-10.34,12,2017
2026,Townhouse,Bedsitter,,,,,,,,,,12,2017
2026,Townhouse,1 Bedroom,,,,,,,,,,12,2017
2026,Townhouse,Not Specified,,,,,,,,,,12,2017
2026,Townhouse,2 Bedrooms,775,900,1122.5,,106,12.5,0,22.220000000000002,57.14,12,2017
2026,Townhouse,3 Bedrooms,1125,1165,1250,,111,1.3,1.7500000000000002,-8.33,10.0,12,2017
2026,Townhouse,4 or more Bedrooms,,,,,36,,,,,12,2017
2026,Flat/Unit,Total,620,750,920,503,6007,4.9,0,-21.279999999999998,-6.329999999999999,12,2017
2026,Flat/Unit,Bedsitter,400,420,490,,255,-10.639999999999999,-8.7,-17.39,-17.39,12,2017
2026,Flat/Unit,1 Bedroom,550,600,700,143,1486,5.26,0,-28.139999999999997,16.259999999999998,12,2017
2026,Flat/Unit,Not Specified,515,700,1000,,546,0.36,-15.659999999999998,-16.669999999999998,-71.91,12,2017
2026,Flat/Unit,2 Bedrooms,700,780,900,254,3175,2.63,1.3,-24.4,2.42,12,2017
2026,Flat/Unit,3 Bedrooms,1000,1150,1375,57,501,-4.17,6.98,21.279999999999998,18.75,12,2017
2026,Flat/Unit,4 or more Bedrooms,,,,,44,,,,,12,2017
2027,Total,Total,640,860,1150,117,1434,14.67,1.18,-19.31,-9.3,12,2017
2027,Total,Bedsitter,,,,,31,,,,,12,2017
2027,Total,1 Bedroom,550,600,640,,329,8.110000000000001,14.29,-14.71,0,12,2017
2027,Total,Not Specified,637.5,697.5,911.25,,214,-12.809999999999999,-7.000000000000001,-20.0,-52.0,12,2017
2027,Total,2 Bedrooms,798.75,897.5,996.25,36,543,11.49,4.97,-45.45,-21.740000000000002,12,2017
2027,Total,3 Bedrooms,1100,1200,1400,,268,2.13,-10.11,81.25,26.090000000000003,12,2017
2027,Total,4 or more Bedrooms,,,,,49,,,,,12,2017
2027,House,Total,,,,,56,,,,,12,2017
2027,House,Bedsitter,,,,,,,,,,12,2017
2027,House,1 Bedroom,,,,,,,,,,12,2017
2027,House,Not Specified,,,,,,,,,,12,2017
2027,House,2 Bedrooms,,,,,,,,,,12,2017
2027,House,3 Bedrooms,,,,,,,,,,12,2017
2027,House,4 or more Bedrooms,,,,,,,,,,12,2017
2027,Other,Total,683.75,850,1100,,287,27.339999999999996,8.97,12.5,-33.33,12,2017
2027,Other,Bedsitter,,,,,,,,,,12,2017
2027,Other,1 Bedroom,,,,,47,,,,,12,2017
2027,Other,Not Specified,,,,,115,,,,,12,2017
2027,Other,2 Bedrooms,,,,,70,,,,,12,2017
2027,Other,3 Bedrooms,,,,,39,,,,,12,2017
2027,Other,4 or more Bedrooms,,,,,,,,,,12,2017
2027,Townhouse,Total,,,,,58,,,,,12,2017
2027,Townhouse,Bedsitter,,,,,,,,,,12,2017
2027,Townhouse,1 Bedroom,,,,,,,,,,12,2017
2027,Townhouse,Not Specified,,,,,,,,,,12,2017
2027,Townhouse,2 Bedrooms,,,,,,,,,,12,2017
2027,Townhouse,3 Bedrooms,,,,,,,,,,12,2017
2027,Townhouse,4 or more Bedrooms,,,,,,,,,,12,2017
2027,Flat/Unit,Total,620,850,1100,83,1033,13.33,0,-26.55,-13.54,12,2017
2027,Flat/Unit,Bedsitter,,,,,,,,,,12,2017
2027,Flat/Unit,1 Bedroom,450,590,640,,272,7.2700000000000005,12.379999999999999,-19.35,13.639999999999999,12,2017
2027,Flat/Unit,Not Specified,,,,,94,,,,,12,2017
2027,Flat/Unit,2 Bedrooms,800,895,995,,438,11.87,0.5599999999999999,-50.849999999999994,-21.62,12,2017
2027,Flat/Unit,3 Bedrooms,1100,1180,1325,,194,4.89,-9.229999999999999,130.0,27.779999999999998,12,2017
2027,Flat/Unit,4 or more Bedrooms,,,,,,,,,,12,2017
2028,Total,Total,680,760,977.5,91,902,1.3299999999999998,0,33.82,-3.19,12,2017
2028,Total,Bedsitter,,,,,,,,,,12,2017
2028,Total,1 Bedroom,480,550,735,,91,6.18,0,275.0,36.36,12,2017
2028,Total,Not Specified,,,,,107,,,,,12,2017
2028,Total,2 Bedrooms,676.25,727.5,827.5,48,502,-3.0,3.93,6.67,-2.04,12,2017
2028,Total,3 Bedrooms,975,1677.5,2150,,159,5.84,19.82,100,20.0,12,2017
2028,Total,4 or more Bedrooms,,,,,36,,,,,12,2017
2028,House,Total,,,,,39,,,,,12,2017
2028,House,1 Bedroom,,,,,,,,,,12,2017
2028,House,Not Specified,,,,,,,,,,12,2017
2028,House,2 Bedrooms,,,,,,,,,,12,2017
2028,House,3 Bedrooms,,,,,,,,,,12,2017
2028,House,4 or more Bedrooms,,,,,,,,,,12,2017
2028,Other,Total,610,760,897.5,,159,11.76,-10.59,57.14,-15.379999999999999,12,2017
2028,Other,Bedsitter,,,,,,,,,,12,2017
2028,Other,1 Bedroom,,,,,,,,,,12,2017
2028,Other,Not Specified,,,,,51,,,,,12,2017
2028,Other,2 Bedrooms,,,,,64,,,,,12,2017
2028,Other,3 Bedrooms,,,,,,,,,,12,2017
2028,Other,4 or more Bedrooms,,,,,,,,,,12,2017
2028,Townhouse,Total,,,,,39,,,,,12,2017
2028,Townhouse,Not Specified,,,,,,,,,,12,2017
2028,Townhouse,2 Bedrooms,,,,,,,,,,12,2017
2028,Townhouse,3 Bedrooms,,,,,,,,,,12,2017
2028,Townhouse,4 or more Bedrooms,,,,,,,,,,12,2017
2028,Flat/Unit,Total,682.5,745,950,70,665,-0.67,2.41,25.0,-7.89,12,2017
2028,Flat/Unit,Bedsitter,,,,,,,,,,12,2017
2028,Flat/Unit,1 Bedroom,495,562.5,727.5,,76,8.59,2.27,200,33.33,12,2017
2028,Flat/Unit,Not Specified,,,,,50,,,,,12,2017
2028,Flat/Unit,2 Bedrooms,680,727.5,827.5,40,427,-3.0,3.93,-2.44,-11.110000000000001,12,2017
2028,Flat/Unit,3 Bedrooms,877.5,1580,1812.5,,94,-7.06,12.86,100,27.27,12,2017
2028,Flat/Unit,4 or more Bedrooms,,,,,,,,,,12,2017
2029,Total,Total,610,725,1037.5,154,1703,11.540000000000001,3.7199999999999998,0.65,9.22,12,2017
2029,Total,Bedsitter,,,,,,,,,,12,2017
2029,Total,1 Bedroom,456.25,535,571.25,,245,7.000000000000001,-4.89,-31.25,0,12,2017
2029,Total,Not Specified,,,,,198,,,,,12,2017
2029,Total,2 Bedrooms,620,695,800,80,923,6.92,-0.5700000000000001,-2.44,6.67,12,2017
2029,Total,3 Bedrooms,917.5,1200,1331.25,,246,0,26.32,64.71000000000001,47.370000000000005,12,2017
2029,Total,4 or more Bedrooms,1800,2100,2700,,69,27.27,42.86,225.0,160.0,12,2017
2029,House,Total,1250,1540,2350,,111,50.239999999999995,0.98,120.0,266.67,12,2017
2029,House,Bedsitter,,,,,,,,,,12,2017
2029,House,1 Bedroom,,,,,,,,,,12,2017
2029,House,Not Specified,,,,,,,,,,12,2017
2029,House,2 Bedrooms,,,,,,,,,,12,2017
2029,House,3 Bedrooms,,,,,37,,,,,12,2017
2029,House,4 or more Bedrooms,,,,,42,,,,,12,2017
2029,Other,Total,,,,,233,,,,,12,2017
2029,Other,Bedsitter,,,,,,,,,,12,2017
2029,Other,1 Bedroom,,,,,,,,,,12,2017
2029,Other,Not Specified,,,,,101,,,,,12,2017
2029,Other,2 Bedrooms,,,,,79,,,,,12,2017
2029,Other,3 Bedrooms,,,,,,,,,,12,2017
2029,Other,4 or more Bedrooms,,,,,,,,,,12,2017
2029,Townhouse,Total,,,,,48,,,,,12,2017
2029,Townhouse,1 Bedroom,,,,,,,,,,12,2017
2029,Townhouse,Not Specified,,,,,,,,,,12,2017
2029,Townhouse,2 Bedrooms,,,,,,,,,,12,2017
2029,Townhouse,3 Bedrooms,,,,,,,,,,12,2017
2029,Townhouse,4 or more Bedrooms,,,,,,,,,,12,2017
2029,Flat/Unit,Total,600,700,850,119,1311,7.6899999999999995,3.6999999999999997,-7.03,-2.46,12,2017
2029,Flat/Unit,Bedsitter,,,,,,,,,,12,2017
2029,Flat/Unit,1 Bedroom,462.5,540,587.5,,223,8.0,-4.0,-32.14,-13.639999999999999,12,2017
2029,Flat/Unit,Not Specified,,,,,90,,,,,12,2017
2029,Flat/Unit,2 Bedrooms,620,700,800,75,808,7.6899999999999995,0.13999999999999999,5.63,2.74,12,2017
2029,Flat/Unit,3 Bedrooms,800,990,1200,,159,-17.5,14.45,30.769999999999996,41.67,12,2017
2029,Flat/Unit,4 or more Bedrooms,,,,,,,,,,12,2017
2030,Total,Total,650,750,1000,85,1106,-6.25,0,-14.14,-3.4099999999999997,12,2017
2030,Total,Bedsitter,,,,,,,,,,12,2017
2030,Total,1 Bedroom,,,,,89,,,,,12,2017
2030,Total,Not Specified,,,,,167,,,,,12,2017
2030,Total,2 Bedrooms,630,695,800,52,496,2.21,3.73,13.04,40.54,12,2017
2030,Total,3 Bedrooms,800,950,1575,,204,-13.639999999999999,-9.520000000000001,-5.88,45.45,12,2017
2030,Total,4 or more Bedrooms,,,,,143,,,,,12,2017
2030,House,Total,850,1400,2150,,189,-24.32,-12.5,-22.220000000000002,-8.7,12,2017
2030,House,Bedsitter,,,,,,,,,,12,2017
2030,House,1 Bedroom,,,,,,,,,,12,2017
2030,House,Not Specified,,,,,,,,,,12,2017
2030,House,2 Bedrooms,,,,,,,,,,12,2017
2030,House,3 Bedrooms,,,,,44,,,,,12,2017
2030,House,4 or more Bedrooms,,,,,99,,,,,12,2017
2030,Other,Total,,,,,177,,,,,12,2017
2030,Other,Bedsitter,,,,,,,,,,12,2017
2030,Other,1 Bedroom,,,,,,,,,,12,2017
2030,Other,Not Specified,,,,,75,,,,,12,2017
2030,Other,2 Bedrooms,,,,,46,,,,,12,2017
2030,Other,3 Bedrooms,,,,,,,,,,12,2017
2030,Other,4 or more Bedrooms,,,,,,,,,,12,2017
2030,Townhouse,Total,,,,,61,,,,,12,2017
2030,Townhouse,Not Specified,,,,,,,,,,12,2017
2030,Townhouse,2 Bedrooms,,,,,,,,,,12,2017
2030,Townhouse,3 Bedrooms,,,,,,,,,,12,2017
2030,Townhouse,4 or more Bedrooms,,,,,,,,,,12,2017
2030,Flat/Unit,Total,630,692.5,800,50,679,-0.36,2.59,-21.87,2.04,12,2017
2030,Flat/Unit,Bedsitter,,,,,,,,,,12,2017
2030,Flat/Unit,1 Bedroom,,,,,75,,,,,12,2017
2030,Flat/Unit,Not Specified,,,,,59,,,,,12,2017
2030,Flat/Unit,2 Bedrooms,630,690,800,37,413,1.47,6.15,-13.950000000000001,27.589999999999996,12,2017
2030,Flat/Unit,3 Bedrooms,,,,,109,,,,,12,2017
2030,Flat/Unit,4 or more Bedrooms,,,,,,,,,,12,2017
2031,Total,Total,580,650,780,536,6245,1.5599999999999998,0,-10.22,12.13,12,2017
2031,Total,Bedsitter,,,,,67,,,,,12,2017
2031,Total,1 Bedroom,480,530,605,139,1219,1.92,0.95,-3.47,21.93,12,2017
2031,Total,Not Specified,534.9,630,772.5,,646,7.6899999999999995,-5.970000000000001,-12.9,-49.059999999999995,12,2017
2031,Total,2 Bedrooms,610,660,733.75,282,3435,1.54,1.54,-13.5,21.029999999999998,12,2017
2031,Total,3 Bedrooms,910,1000,1150,59,699,0,0,-21.33,7.2700000000000005,12,2017
2031,Total,4 or more Bedrooms,1497.5,1650,1860,,179,9.27,-8.33,64.29,53.33,12,2017
2031,House,Total,890,1100,1450,53,357,-12.0,-12.0,47.22,26.19,12,2017
2031,House,Bedsitter,,,,,,,,,,12,2017
2031,House,1 Bedroom,,,,,,,,,,12,2017
2031,House,Not Specified,,,,,,,,,,12,2017
2031,House,2 Bedrooms,705,790,888.75,,69,23.919999999999998,16.18,250.0,180.0,12,2017
2031,House,3 Bedrooms,970,1100,1125,,122,-12.0,-4.35,18.75,0,12,2017
2031,House,4 or more Bedrooms,1461.25,1550,1870,,117,-1.27,-13.889999999999999,63.63999999999999,80.0,12,2017
2031,Other,Total,580,640,750,,878,9.4,-1.54,-28.57,-59.019999999999996,12,2017
2031,Other,Bedsitter,,,,,,,,,,12,2017
2031,Other,1 Bedroom,,,,,117,,,,,12,2017
2031,Other,Not Specified,550,675,775,,350,20.0,-3.5700000000000003,-22.73,-29.17,12,2017
2031,Other,2 Bedrooms,,,,,304,,,,,12,2017
2031,Other,3 Bedrooms,,,,,65,,,,,12,2017
2031,Other,4 or more Bedrooms,,,,,,,,,,12,2017
2031,Townhouse,Total,1062.5,1472.5,1662.5,,237,42.96,55.00000000000001,-23.810000000000002,-5.88,12,2017
2031,Townhouse,Bedsitter,,,,,,,,,,12,2017
2031,Townhouse,1 Bedroom,,,,,,,,,,12,2017
2031,Townhouse,Not Specified,,,,,,,,,,12,2017
2031,Townhouse,2 Bedrooms,,,,,75,,,,,12,2017
2031,Townhouse,3 Bedrooms,,,,,118,,,,,12,2017
2031,Townhouse,4 or more Bedrooms,,,,,,,,,,12,2017
2031,Flat/Unit,Total,552.5,640,720,442,4773,1.59,3.2300000000000004,-12.479999999999999,23.46,12,2017
2031,Flat/Unit,Bedsitter,,,,,40,,,,,12,2017
2031,Flat/Unit,1 Bedroom,480,530,602.5,132,1080,2.91,0.95,-3.65,29.409999999999997,12,2017
2031,Flat/Unit,Not Specified,,,,,257,,,,,12,2017
2031,Flat/Unit,2 Bedrooms,605,660,725,261,2987,1.54,1.54,-16.08,28.57,12,2017
2031,Flat/Unit,3 Bedrooms,880,940,1025,33,394,4.44,7.430000000000001,-23.26,37.5,12,2017
2031,Flat/Unit,4 or more Bedrooms,,,,,,,,,,12,2017
2032,Total,Total,470,600,750,165,2361,7.140000000000001,4.35,-39.78,-9.34,12,2017
2032,Total,Bedsitter,,,,,70,,,,,12,2017
2032,Total,1 Bedroom,355,440,487.5,43,395,12.82,3.53,-44.87,13.16,12,2017
2032,Total,Not Specified,408.75,470,570,,292,18.990000000000002,0,-73.91,-33.33,12,2017
2032,Total,2 Bedrooms,590,630,685,68,1068,0,5.0,-32.67,-10.530000000000001,12,2017
2032,Total,3 Bedrooms,772.5,895,980,,418,9.15,8.48,-25.71,-23.53,12,2017
2032,Total,4 or more Bedrooms,,,,,118,,,,,12,2017
2032,House,Total,742.5,940,1175,,264,3.3000000000000003,-3.5900000000000003,-35.29,37.5,12,2017
2032,House,Bedsitter,,,,,,,,,,12,2017
2032,House,1 Bedroom,,,,,,,,,,12,2017
2032,House,Not Specified,,,,,,,,,,12,2017
2032,House,2 Bedrooms,,,,,37,,,,,12,2017
2032,House,3 Bedrooms,,,,,123,,,,,12,2017
2032,House,4 or more Bedrooms,,,,,73,,,,,12,2017
2032,Other,Total,420,467.5,525,,406,18.35,-5.56,-80.0,-36.36,12,2017
2032,Other,Bedsitter,,,,,,,,,,12,2017
2032,Other,1 Bedroom,,,,,67,,,,,12,2017
2032,Other,Not Specified,,,,,155,,,,,12,2017
2032,Other,2 Bedrooms,,,,,107,,,,,12,2017
2032,Other,3 Bedrooms,,,,,41,,,,,12,2017
2032,Other,4 or more Bedrooms,,,,,,,,,,12,2017
2032,Townhouse,Total,770,850,940,,152,13.33,3.0300000000000002,-23.53,-7.140000000000001,12,2017
2032,Townhouse,1 Bedroom,,,,,,,,,,12,2017
2032,Townhouse,Not Specified,,,,,,,,,,12,2017
2032,Townhouse,2 Bedrooms,,,,,43,,,,,12,2017
2032,Townhouse,3 Bedrooms,750,850,940,,86,3.66,1.7999999999999998,57.14,83.33,12,2017
2032,Townhouse,4 or more Bedrooms,,,,,,,,,,12,2017
2032,Flat/Unit,Total,460,570,650,116,1539,-5.0,1.79,-24.18,-10.77,12,2017
2032,Flat/Unit,Bedsitter,,,,,44,,,,,12,2017
2032,Flat/Unit,1 Bedroom,362.5,450,490,39,314,3.45,5.88,-7.140000000000001,14.71,12,2017
2032,Flat/Unit,Not Specified,,,,,114,,,,,12,2017
2032,Flat/Unit,2 Bedrooms,590,620,680,60,881,-1.59,4.2,-31.819999999999997,-3.2300000000000004,12,2017
2032,Flat/Unit,3 Bedrooms,,,,,168,,,,,12,2017
2032,Flat/Unit,4 or more Bedrooms,,,,,,,,,,12,2017
2033,Total,Total,520,607.5,715,234,2249,1.25,4.74,-9.65,13.04,12,2017
2033,Total,Bedsitter,,,,,37,,,,,12,2017
2033,Total,1 Bedroom,466.25,520,580,78,556,-1.8900000000000001,0,-6.02,20.0,12,2017
2033,Total,Not Specified,,,,,208,,,,,12,2017
2033,Total,2 Bedrooms,577.5,650,750,120,1118,3.17,8.33,-0.83,37.93,12,2017
2033,Total,3 Bedrooms,787.5,915,1012.5,,254,-1.6099999999999999,-3.17,-31.03,0,12,2017
2033,Total,4 or more Bedrooms,,,,,76,,,,,12,2017
2033,House,Total,750,930,1200,,143,-17.330000000000002,-7.000000000000001,-5.56,-10.530000000000001,12,2017
2033,House,1 Bedroom,,,,,,,,,,12,2017
2033,House,Not Specified,,,,,,,,,,12,2017
2033,House,2 Bedrooms,,,,,,,,,,12,2017
2033,House,3 Bedrooms,,,,,58,,,,,12,2017
2033,House,4 or more Bedrooms,,,,,47,,,,,12,2017
2033,Other,Total,180,495,657.5,,296,175.0,-10.0,-33.33,-17.65,12,2017
2033,Other,Bedsitter,,,,,,,,,,12,2017
2033,Other,1 Bedroom,,,,,52,,,,,12,2017
2033,Other,Not Specified,,,,,112,,,,,12,2017
2033,Other,2 Bedrooms,,,,,101,,,,,12,2017
2033,Other,3 Bedrooms,,,,,,,,,,12,2017
2033,Other,4 or more Bedrooms,,,,,,,,,,12,2017
2033,Townhouse,Total,,,,,66,,,,,12,2017
2033,Townhouse,1 Bedroom,,,,,,,,,,12,2017
2033,Townhouse,Not Specified,,,,,,,,,,12,2017
2033,Townhouse,2 Bedrooms,,,,,,,,,,12,2017
2033,Townhouse,3 Bedrooms,,,,,,,,,,12,2017
2033,Townhouse,4 or more Bedrooms,,,,,,,,,,12,2017
2033,Flat/Unit,Total,520,600,686.25,198,1744,0,3.45,-6.6000000000000005,20.73,12,2017
2033,Flat/Unit,Bedsitter,,,,,,,,,,12,2017
2033,Flat/Unit,1 Bedroom,481.25,520,580,70,492,-5.45,4.0,1.4500000000000002,18.64,12,2017
2033,Flat/Unit,Not Specified,,,,,77,,,,,12,2017
2033,Flat/Unit,2 Bedrooms,566.25,642.5,747.5,110,978,2.8000000000000003,1.9800000000000002,1.8499999999999999,50.68,12,2017
2033,Flat/Unit,3 Bedrooms,690,875,1025,,154,2.34,2.34,-45.45,0,12,2017
2033,Flat/Unit,4 or more Bedrooms,,,,,,,,,,12,2017
2034,Total,Total,600,700,850,341,3756,0.72,0,-11.89,19.23,12,2017
2034,Total,Bedsitter,,,,,36,,,,,12,2017
2034,Total,1 Bedroom,507.5,575,625,80,618,9.520000000000001,4.55,3.9,45.45,12,2017
2034,Total,Not Specified,450,560,730,,382,-20.0,-20.0,-55.169999999999995,-63.89,12,2017
2034,Total,2 Bedrooms,636.25,700,780,186,2057,0,0,-14.680000000000001,35.77,12,2017
2034,Total,3 Bedrooms,896.25,1150,1302.655,50,538,16.75,18.56,2.04,16.28,12,2017
2034,Total,4 or more Bedrooms,1335,1525,1575,,125,-1.6099999999999999,1.8399999999999999,-8.33,-8.33,12,2017
2034,House,Total,787.5,1250,1537.5,,216,-3.85,5.93,17.39,68.75,12,2017
2034,House,1 Bedroom,,,,,,,,,,12,2017
2034,House,Not Specified,,,,,,,,,,12,2017
2034,House,2 Bedrooms,,,,,39,,,,,12,2017
2034,House,3 Bedrooms,,,,,61,,,,,12,2017
2034,House,4 or more Bedrooms,,,,,88,,,,,12,2017
2034,Other,Total,525,650,702.5,,449,-12.16,-12.46,-50.0,-63.33,12,2017
2034,Other,Bedsitter,,,,,,,,,,12,2017
2034,Other,1 Bedroom,,,,,42,,,,,12,2017
2034,Other,Not Specified,,,,,188,,,,,12,2017
2034,Other,2 Bedrooms,,,,,151,,,,,12,2017
2034,Other,3 Bedrooms,,,,,41,,,,,12,2017
2034,Other,4 or more Bedrooms,,,,,,,,,,12,2017
2034,Townhouse,Total,,,,,141,,,,,12,2017
2034,Townhouse,Bedsitter,,,,,,,,,,12,2017
2034,Townhouse,1 Bedroom,,,,,,,,,,12,2017
2034,Townhouse,Not Specified,,,,,,,,,,12,2017
2034,Townhouse,2 Bedrooms,,,,,55,,,,,12,2017
2034,Townhouse,3 Bedrooms,,,,,63,,,,,12,2017
2034,Townhouse,4 or more Bedrooms,,,,,,,,,,12,2017
2034,Flat/Unit,Total,600,695,800,296,2950,2.96,2.21,-8.36,33.33,12,2017
2034,Flat/Unit,Bedsitter,,,,,,,,,,12,2017
2034,Flat/Unit,1 Bedroom,502.5,575,620,74,558,10.05,6.98,0,54.169999999999995,12,2017
2034,Flat/Unit,Not Specified,,,,,174,,,,,12,2017
2034,Flat/Unit,2 Bedrooms,630,700,775,172,1812,0,0,-12.690000000000001,38.71,12,2017
2034,Flat/Unit,3 Bedrooms,858.75,1015,1240,40,373,3.5700000000000003,6.84,8.110000000000001,25.0,12,2017
2034,Flat/Unit,4 or more Bedrooms,,,,,,,,,,12,2017
2035,Total,Total,550,670,828.75,350,4024,3.08,3.08,2.04,18.240000000000002,12,2017
2035,Total,Bedsitter,,,,,,,,,,12,2017
2035,Total,1 Bedroom,477.5,505,550,76,617,-4.72,-1.94,11.76,58.330000000000005,12,2017
2035,Total,Not Specified,595,780,1000,,432,34.48,26.83,-21.05,-67.39,12,2017
2035,Total,2 Bedrooms,571.25,650,747.5,170,1999,0,3.17,-3.4099999999999997,32.81,12,2017
2035,Total,3 Bedrooms,800,890,1013.75,68,732,-1.11,7.88,41.67,28.299999999999997,12,2017
2035,Total,4 or more Bedrooms,1000,1150,1293.75,,220,-4.17,-4.17,-20.0,0,12,2017
2035,House,Total,807.5,930,1150,67,576,6.29,0.54,9.84,63.41,12,2017
2035,House,Bedsitter,,,,,,,,,,12,2017
2035,House,1 Bedroom,,,,,,,,,,12,2017
2035,House,Not Specified,,,,,38,,,,,12,2017
2035,House,2 Bedrooms,632.5,700,831.25,,91,2.94,-4.109999999999999,14.29,300,12,2017
2035,House,3 Bedrooms,865,977.5,1100,,254,11.709999999999999,16.72,33.33,55.559999999999995,12,2017
2035,House,4 or more Bedrooms,1000,1200,1312.5,,186,0,0,-13.639999999999999,18.75,12,2017
2035,Other,Total,435,722.5,887.5,,505,20.419999999999998,18.44,-5.26,-52.629999999999995,12,2017
2035,Other,Bedsitter,,,,,,,,,,12,2017
2035,Other,1 Bedroom,,,,,61,,,,,12,2017
2035,Other,Not Specified,,,,,207,,,,,12,2017
2035,Other,2 Bedrooms,,,,,150,,,,,12,2017
2035,Other,3 Bedrooms,,,,,69,,,,,12,2017
2035,Other,4 or more Bedrooms,,,,,,,,,,12,2017
2035,Townhouse,Total,698.75,845,950,,336,5.96,11.18,66.67,57.89,12,2017
2035,Townhouse,1 Bedroom,,,,,,,,,,12,2017
2035,Townhouse,Not Specified,,,,,,,,,,12,2017
2035,Townhouse,2 Bedrooms,622.5,690,750,,136,-4.83,7.8100000000000005,40.0,180.0,12,2017
2035,Townhouse,3 Bedrooms,856.25,950,1007.5,,169,9.2,14.46,133.32999999999998,27.27,12,2017
2035,Townhouse,4 or more Bedrooms,,,,,,,,,,12,2017
2035,Flat/Unit,Total,520,600,710,235,2607,0,-0.83,-4.08,18.69,12,2017
2035,Flat/Unit,Bedsitter,,,,,,,,,,12,2017
2035,Flat/Unit,1 Bedroom,480,515,550,70,548,-2.83,-0.96,6.0600000000000005,62.79,12,2017
2035,Flat/Unit,Not Specified,,,,,173,,,,,12,2017
2035,Flat/Unit,2 Bedrooms,570,650,720,135,1622,0,3.17,-6.9,19.470000000000002,12,2017
2035,Flat/Unit,3 Bedrooms,736.25,835,968.75,,240,-12.11,2.1399999999999997,4.760000000000001,0,12,2017
2035,Flat/Unit,4 or more Bedrooms,,,,,,,,,,12,2017
2036,Total,Total,512.5,600,850,214,2671,-9.43,0,8.08,13.83,12,2017
2036,Total,Bedsitter,,,,,,,,,,12,2017
2036,Total,1 Bedroom,507.5,572.5,590,38,377,0.44,6.02,15.15,18.75,12,2017
2036,Total,Not Specified,,,,,231,,,,,12,2017
2036,Total,2 Bedrooms,470,515,680,84,1206,-11.97,3.0,5.0,47.370000000000005,12,2017
2036,Total,3 Bedrooms,590,800,1030,55,622,0,-4.19,14.580000000000002,14.580000000000002,12,2017
2036,Total,4 or more Bedrooms,1100,1200,1390,33,230,-4.0,6.67,26.919999999999998,50.0,12,2017
2036,House,Total,800,1125,1225,43,437,13.639999999999999,25.0,4.88,19.439999999999998,12,2017
2036,House,1 Bedroom,,,,,,,,,,12,2017
2036,House,Not Specified,,,,,35,,,,,12,2017
2036,House,2 Bedrooms,,,,,59,,,,,12,2017
2036,House,3 Bedrooms,750,850,1143.75,,181,6.25,1.7999999999999998,-5.88,-20.0,12,2017
2036,House,4 or more Bedrooms,1162.5,1200,1397.5,,146,0,0,29.409999999999997,144.44,12,2017
2036,Other,Total,,,,,270,,,,,12,2017
2036,Other,Bedsitter,,,,,,,,,,12,2017
2036,Other,1 Bedroom,,,,,,,,,,12,2017
2036,Other,Not Specified,,,,,93,,,,,12,2017
2036,Other,2 Bedrooms,,,,,82,,,,,12,2017
2036,Other,3 Bedrooms,,,,,51,,,,,12,2017
2036,Other,4 or more Bedrooms,,,,,,,,,,12,2017
2036,Townhouse,Total,700,850,1150,,278,-5.56,-13.71,26.090000000000003,61.11,12,2017
2036,Townhouse,1 Bedroom,,,,,,,,,,12,2017
2036,Townhouse,Not Specified,,,,,,,,,,12,2017
2036,Townhouse,2 Bedrooms,,,,,53,,,,,12,2017
2036,Townhouse,3 Bedrooms,700,1037.5,1187.5,,152,15.28,9.21,7.6899999999999995,180.0,12,2017
2036,Townhouse,4 or more Bedrooms,,,,,55,,,,,12,2017
2036,Flat/Unit,Total,480,560,625,135,1686,-1.7500000000000002,5.66,13.450000000000001,26.169999999999998,12,2017
2036,Flat/Unit,Bedsitter,,,,,,,,,,12,2017
2036,Flat/Unit,1 Bedroom,500,570,586.25,36,333,0,5.56,24.14,24.14,12,2017
2036,Flat/Unit,Not Specified,,,,,93,,,,,12,2017
2036,Flat/Unit,2 Bedrooms,455,500,675,71,1012,-13.79,6.38,2.9000000000000004,47.92,12,2017
2036,Flat/Unit,3 Bedrooms,550,750,850,,238,17.19,20.97,56.25,31.580000000000002,12,2017
2036,Flat/Unit,4 or more Bedrooms,,,,,,,,,,12,2017
2037,Total,Total,402.5,597,800,346,3534,3.11,1.1900000000000002,-21.9,3.2800000000000002,12,2017
2037,Total,Bedsitter,330,370,387.5,,224,-5.13,2.78,18.75,35.709999999999994,12,2017
2037,Total,1 Bedroom,325,487.5,576,152,1235,-1.52,-2.5,-32.14,17.83,12,2017
2037,Total,Not Specified,337.5,360,495,,501,-25.0,-37.39,0,-30.0,12,2017
2037,Total,2 Bedrooms,650,775,810,94,1036,8.39,9.54,-24.19,6.819999999999999,12,2017
2037,Total,3 Bedrooms,870,1000,1175,41,407,7.53,-8.68,5.13,-16.33,12,2017
2037,Total,4 or more Bedrooms,1087.5,1175,1322.5,,131,-6.93,6.819999999999999,0,-20.0,12,2017
2037,House,Total,720,880,1100,41,341,10.0,-7.37,-31.669999999999998,-4.65,12,2017
2037,House,Bedsitter,,,,,,,,,,12,2017
2037,House,1 Bedroom,,,,,,,,,,12,2017
2037,House,Not Specified,,,,,,,,,,12,2017
2037,House,2 Bedrooms,650,720,760,,105,2.86,2.86,-51.849999999999994,85.71,12,2017
2037,House,3 Bedrooms,880,975,1100,,131,5.41,-2.5,12.5,-14.29,12,2017
2037,House,4 or more Bedrooms,,,,,63,,,,,12,2017
2037,Other,Total,310,310,585,69,728,-39.22,-43.64,-42.980000000000004,-14.81,12,2017
2037,Other,Bedsitter,,,,,67,,,,,12,2017
2037,Other,1 Bedroom,310,310,549.5,47,242,-39.22,-20.31,-52.04,27.029999999999998,12,2017
2037,Other,Not Specified,300,360,570,,309,-35.709999999999994,-38.46,-5.56,-46.87,12,2017
2037,Other,2 Bedrooms,,,,,74,,,,,12,2017
2037,Other,3 Bedrooms,,,,,,,,,,12,2017
2037,Other,4 or more Bedrooms,,,,,,,,,,12,2017
2037,Townhouse,Total,800,895,1050,,395,16.23,6.550000000000001,-19.439999999999998,7.41,12,2017
2037,Townhouse,Bedsitter,,,,,,,,,,12,2017
2037,Townhouse,1 Bedroom,,,,,34,,,,,12,2017
2037,Townhouse,Not Specified,,,,,,,,,,12,2017
2037,Townhouse,2 Bedrooms,715,800,876.25,,134,14.45,2.56,-20.0,50.0,12,2017
2037,Townhouse,3 Bedrooms,865,995,1087.5,,153,7.28,13.71,-14.29,-20.0,12,2017
2037,Townhouse,4 or more Bedrooms,,,,,50,,,,,12,2017
2037,Flat/Unit,Total,437.5,570,697.5,207,2070,1.79,1.79,-8.41,12.5,12,2017
2037,Flat/Unit,Bedsitter,330,370,387.5,,154,-6.329999999999999,2.78,46.150000000000006,46.150000000000006,12,2017
2037,Flat/Unit,1 Bedroom,435,515,576.25,100,931,11.959999999999999,3.0,-12.280000000000001,19.05,12,2017
2037,Flat/Unit,Not Specified,355,365,425,,157,-8.75,-1.35,22.220000000000002,57.14,12,2017
2037,Flat/Unit,2 Bedrooms,650,780,810,65,723,4.0,11.43,-19.75,-5.800000000000001,12,2017
2037,Flat/Unit,3 Bedrooms,,,,,95,,,,,12,2017
2037,Flat/Unit,4 or more Bedrooms,,,,,,,,,,12,2017
2038,Total,Total,420,655,853.75,148,1717,-3.6799999999999997,9.17,-22.509999999999998,-13.450000000000001,12,2017
2038,Total,Bedsitter,307.5,320,331.25,,146,0,-3.0300000000000002,14.29,128.57,12,2017
2038,Total,1 Bedroom,412.5,500,537.5,,397,11.110000000000001,19.05,-40.0,-30.769999999999996,12,2017
2038,Total,Not Specified,325,435,650,,322,-15.120000000000001,11.540000000000001,18.18,-35.0,12,2017
2038,Total,2 Bedrooms,633.75,730,787.5,42,485,4.29,4.66,-36.36,-12.5,12,2017
2038,Total,3 Bedrooms,850,900,970,,300,-5.26,-2.44,-25.64,3.5700000000000003,12,2017
2038,Total,4 or more Bedrooms,,,,,67,,,,,12,2017
2038,House,Total,730,850,991.25,46,388,-1.16,-5.56,-25.81,39.39,12,2017
2038,House,Bedsitter,,,,,,,,,,12,2017
2038,House,1 Bedroom,,,,,,,,,,12,2017
2038,House,Not Specified,,,,,,,,,,12,2017
2038,House,2 Bedrooms,720,750,760,,126,4.17,3.45,-50.0,44.440000000000005,12,2017
2038,House,3 Bedrooms,850,900,987.5,,166,-5.76,-5.26,-26.919999999999998,11.76,12,2017
2038,House,4 or more Bedrooms,,,,,52,,,,,12,2017
2038,Other,Total,343.75,490,837.5,,354,-10.09,-11.709999999999999,20.0,-40.0,12,2017
2038,Other,Bedsitter,,,,,81,,,,,12,2017
2038,Other,1 Bedroom,,,,,34,,,,,12,2017
